name,TypeScript,C++,Svelte,C#,JavaScript,Python,C,Dart,Vue,TeX,HTML,SCSS,Shell,CSS,CMake,Q#,Swift,Makefile,Batchfile,PowerShell,Dogescript,Kotlin,Rust,Objective-C,Total,
Mini-Vector-Calculator,0,0,0,0,0,0,34951,0,0,0,0,0,0,0,0,0,0,0,0,0,0,0,0,0,34951,
Website-Vector-Calculator,10299,0,0,0,0,0,0,0,0,0,2797,0,0,593,0,0,0,0,0,0,0,0,0,0,13689,
Leomotors,0,0,0,0,0,0,0,0,0,0,0,0,0,0,0,0,0,0,0,0,0,0,0,0,0,
Salim-Bot,32345,0,0,0,0,0,0,0,0,0,0,0,177,0,0,0,0,0,0,0,0,0,0,0,32522,
Polynomial-Problems-Generator,0,33793,0,0,0,0,0,0,0,0,0,0,151,0,0,0,0,682,0,0,0,0,0,0,34626,
Wave-Interference-Simulation,0,0,0,0,0,4847,0,0,0,0,0,0,0,0,0,0,0,0,0,0,0,0,0,0,4847,
Memers,0,0,0,0,0,0,0,0,0,0,0,0,0,0,0,0,0,0,0,0,353,0,0,0,353,
Discord-Polynomial-Master,0,0,0,0,12726,0,0,0,0,0,0,0,0,0,0,0,0,0,0,0,0,0,0,0,12726,
Game-That-Has-Snake,0,0,0,0,0,6819,0,0,0,0,0,0,0,0,0,0,0,0,0,0,0,0,0,0,6819,
Simple-RLC-Calculator,0,0,0,0,0,20196,0,0,0,0,0,0,0,0,0,0,0,0,0,0,0,0,0,0,20196,
NSM2021-SmartWheelChair-Arduino,0,10614,0,0,0,0,0,0,0,0,0,0,0,0,0,0,0,0,0,0,0,0,0,0,10614,
NSM2021-SmartWheelChair-MobileApp,0,0,0,0,0,0,0,31951,0,0,3745,0,0,0,0,0,404,0,0,0,0,154,0,38,36292,
salim-quote-delivery,3856,0,0,0,1430,0,0,0,0,0,0,0,0,0,0,0,0,0,0,0,0,0,0,0,5286,
daily_salim_quote,0,0,0,0,0,0,0,9348,0,0,3713,0,0,0,0,0,404,0,0,0,0,136,0,38,13639,
My-ASCII-Adventure,0,0,0,0,0,3638,0,0,0,0,0,0,0,0,0,0,0,0,0,0,0,0,0,0,3638,
RTX-2090-TiFy,0,38496,0,0,0,0,0,0,0,0,0,0,0,0,2011,0,0,0,618,0,0,0,0,0,41125,
Website-Vector-Calculator-2,4039,0,8159,0,3253,0,0,0,0,0,406,3240,0,1020,0,0,0,0,0,0,0,0,0,0,20117,
dotfiles,0,0,0,0,0,0,0,0,0,0,0,0,5053,0,0,0,0,0,0,458,0,0,0,0,5511,
THIS-REPO-HAS-9-ISSUES,0,0,0,0,930,0,0,0,0,0,0,0,0,0,0,0,0,0,0,0,0,0,0,0,930,
Language-Stats,1421,0,0,0,1641,0,0,0,0,0,0,0,0,0,0,0,0,0,0,0,0,0,0,0,3062,
Battleship-SIMP,5890,0,0,0,5106,0,0,0,18371,0,588,1383,0,0,0,0,0,0,0,0,0,0,0,0,31338,
my-repos,4233,0,0,0,494,0,0,0,10508,0,694,0,0,0,0,0,0,0,0,0,0,0,0,0,15929,
Terminal-Video-Player,0,15424,0,0,0,0,3088,0,0,0,0,0,0,0,2069,0,0,0,0,0,0,0,0,0,20581,
anime-captcha,5844,0,24542,0,4072,0,0,0,0,0,773,0,0,1304,0,0,0,0,0,0,0,0,0,0,36535,
npm-scripts,0,0,0,0,1631,0,0,0,0,0,0,0,0,0,0,0,0,0,0,0,0,0,0,0,1631,
auto-publish-release,0,0,0,0,4935,0,0,0,0,0,0,0,0,0,0,0,0,0,0,0,0,0,0,0,4935,
Steganoplusplus,0,3191,0,0,0,0,0,0,0,0,0,0,0,0,850,0,0,0,0,0,0,0,0,0,4041,
s-bot-framework,45593,0,0,0,0,0,0,0,0,0,0,0,0,0,0,0,0,0,0,0,0,0,0,0,45593,
portfolio-sv,1978,0,12772,0,1597,0,0,0,0,0,654,758,0,0,0,0,0,0,0,0,0,0,0,0,17759,
Random-Zoom-PFP,0,0,0,0,0,2365,0,0,0,0,0,0,0,0,0,0,0,0,0,0,0,0,0,0,2365,
polynomial-generator,15269,0,0,0,0,0,0,0,0,0,0,0,0,0,0,0,0,0,0,0,0,0,0,0,15269,
online-school-reminder,8311,0,0,0,1493,0,0,0,0,0,255,2042,0,0,0,0,0,0,0,0,0,0,0,0,12101,
TOI17-Journey,0,4747,0,0,0,0,0,0,0,0,0,0,0,0,0,0,0,0,0,0,0,0,0,0,4747,
Advent-Of-Code-2021,0,16572,0,0,0,0,0,0,0,0,0,0,0,0,0,0,0,0,0,0,0,0,0,0,16572,
Data-Structure,2804,16146,0,0,0,0,0,0,0,0,0,0,237,0,0,0,0,0,0,0,0,0,0,0,19187,
MIND-Is-Not-Difficult,3108,0,20308,0,2267,0,0,0,0,0,591,1017,0,0,0,0,0,0,0,0,0,0,0,0,27291,
cocoa-grader,25851,0,0,0,0,0,0,0,0,0,0,0,0,0,0,0,0,0,0,0,0,0,0,0,25851,
stupid-problems,8235,28166,0,0,722,11206,0,0,0,24557,1197,0,885,1037,0,0,0,0,0,0,0,0,0,0,76005,
cocoa-discord-utils,109152,0,0,0,1004,0,0,0,573,0,0,0,0,761,0,0,0,0,0,0,0,0,0,0,111490,
simple-todo-app-tauri,322,0,1264,0,889,0,0,0,0,0,351,0,0,114,0,0,0,0,0,0,0,0,285,0,3225,
rabbit-house-menu,0,0,0,24226,0,0,0,0,0,0,0,0,0,0,0,0,0,0,0,0,0,0,0,0,24226,
golden-frame,0,0,0,0,0,3899,0,0,0,0,0,0,0,0,0,0,0,0,0,0,0,0,0,0,3899,
you-are-a-failure,270,0,9359,53631,1661,0,0,0,0,0,580,0,323,276,0,0,0,0,0,0,0,0,0,0,66100,
templates,1201,0,376,0,3242,0,0,0,0,0,744,442,0,0,0,0,0,0,0,0,0,0,0,0,6005,
baht.c,1227,0,0,0,5930,0,4918,0,0,0,0,0,380,0,0,0,0,0,0,0,0,0,0,0,12455,
RTX-2090-TiFy-SUPER,0,48909,0,0,413,0,0,0,0,0,0,0,0,0,0,0,0,0,0,0,0,0,0,0,49322,
CRLF-Phobia,1982,0,0,0,41,0,0,0,0,0,0,0,0,0,0,0,0,0,0,0,0,0,0,0,2023,
friendship,0,0,0,0,0,0,0,0,0,0,376,0,0,0,0,0,0,0,0,0,0,0,0,0,376,
microsoft-learn,0,0,0,0,0,0,0,0,0,0,0,0,0,0,0,924,0,0,0,0,0,0,0,0,924,
music-bot,21690,0,0,0,2091,0,0,0,0,0,0,0,0,0,0,0,0,0,0,0,0,0,0,0,23781,
grab-krub,1389,0,5267,0,3828,0,0,0,0,0,562,0,0,834,0,0,0,0,0,0,0,0,0,0,11880,
cminusminus,5633,0,0,0,0,0,0,0,0,0,0,0,0,0,0,0,0,0,0,0,0,0,0,0,5633,
resumette,6954,0,7383,0,852,0,0,0,0,0,561,0,0,59,0,0,0,0,0,0,0,0,0,0,15809,
blog,0,0,0,0,0,0,0,0,0,0,0,0,0,0,0,0,0,0,0,0,0,0,0,0,0,
leomotors.github.io,270,0,6400,0,1517,0,0,0,0,0,484,0,0,214,0,0,0,0,0,0,0,0,0,0,8885,
sv-components,352,0,8971,0,1703,0,0,0,0,0,482,0,0,269,0,0,0,0,0,0,0,0,0,0,11777,
usagi-placeholder,3485,0,0,0,1100,0,0,0,0,0,0,0,0,59,0,0,0,0,0,0,0,0,0,0,4644,
test-on-production,0,0,0,0,0,0,0,0,0,0,0,0,0,0,0,0,0,0,0,0,0,0,0,0,0,
waifu-bot,23799,0,0,0,0,0,0,0,0,0,0,0,0,0,0,0,0,0,0,0,0,0,0,0,23799,
Total,356802,216058,104801,77857,66568,52970,42957,41299,29452,24557,19553,8882,7206,6540,4930,924,808,682,618,458,353,290,285,76,1064926,
Percentage,33.50,20.29,9.84,7.31,6.25,4.97,4.03,3.88,2.77,2.31,1.84,0.83,0.68,0.61,0.46,0.09,0.08,0.06,0.06,0.04,0.03,0.03,0.03,0.01,100.00,
